Title,Artist
Lil Boo Thang,Paul Russell
Wrap Me Up,Jimmy Fallon & Meghan Trainor
Lovin On Me,Jack Harlow
Find Your People,Drew Holcomb & The Neighbors
DJ Play A Christmas Song,Cher
I Remember Everything (feat. Kacey Musgraves),Zach Bryan
White Horse,Chris Stapleton
Save Me (with Lainey Wilson),Jelly Roll
Need A Favor,Jelly Roll
Standing Next to You,Jung Kook
Houdini,Dua Lipa
Cruel Summer,Taylor Swift
90s Rap Mashup,Austin Williams
Lose Control,Teddy Swims
3D,Jung Kook & Jack Harlow
All I Want for Christmas Is You,Mariah Carey
You're the Inspiration,Chicago
Christmas / Sarajevo 12/24 (Instrumental),Trans-Siberian Orchestra
Standing Next to You (Band Version),Jung Kook
Thinkin’ Bout Me,Morgan Wallen
Standing Next to You (Future Funk Remix),Jung Kook
Fairytale Of Philadelphia,"The Philly Specials, Jason Kelce & Travis Kelce"
Where the Wild Things Are,Luke Combs
Standing Next to You (PBR&B Remix),Jung Kook
Daylight,David Kushner
Standing Next to You (Slow Jam Remix),Jung Kook
Standing Next to You (Holiday Remix),Jung Kook
Standing Next to You (Latin Trap Remix),Jung Kook
Standing Next to You (Instrumental),Jung Kook
Paint The Town Red,Doja Cat
Fast Car,Luke Combs
Rockin' Around the Christmas Tree (Single),Brenda Lee
Last Night,Morgan Wallen
Water,Tyla
Now And Then,The Beatles
The Thanksgiving Song,Adam Sandler
greedy,Tate McRae
Lover,Taylor Swift
Is It Over Now? (Taylor's Version) [From The Vault],Taylor Swift
Rich Men North of Richmond,Oliver Anthony Music
Let It Be (feat. Paul McCartney & Ringo Starr),Dolly Parton
Gobble Gobble,Matthew West
To Be A Man (feat. Darius Rucker),Dax
Free Your Mind,En Vogue
Seven (Explicit Ver.),Jung Kook & Latto
The Christmas Song (Merry Christmas to You),"Nat ""King"" Cole"
Flyin' Pass (Single),Caldwell
Used To Be Young,Miley Cyrus
Sin So Sweet,Warren Zeiders
Wild Ones (Extended Version),Jessie Murph & Jelly Roll
Flowers,Miley Cyrus
Better Place (From TROLLS Band Together),*NSYNC & Justin Timberlake
The Painter,Cody Johnson
Night Moves (feat. Chris Stapleton),Dolly Parton
Tennessee Whiskey,Chris Stapleton
Wrecking Ball (feat. Miley Cyrus),Dolly Parton
Snowman,Sia
MONACO,Bad Bunny
World On Fire,Dolly Parton
Anti-Hero,Taylor Swift
Purple Rain,Dolly Parton
Love Story (Taylor’s Version),Taylor Swift
Karma,Taylor Swift
Don’t Blame Me,Taylor Swift
Last Christmas (Single Version),Wham!
Save Me,Jelly Roll
Fancy Like Christmas,Walker Hayes
Rockstar,Dolly Parton
Dirt Cheap,Cody Johnson
Open Arms (feat. Steve Perry),Dolly Parton
Dial Drunk,Noah Kahan & Post Malone
Don't Let the Sun Go Down On Me (feat. Elton John),Dolly Parton
TRUCK BED,HARDY
Wizards in Winter (Instrumental),Trans-Siberian Orchestra
Unstoppable,Sia
Calm Down,Rema & Selena Gomez
Watermelon Moonshine,Lainey Wilson
(I Can't Get No) Satisfaction (feat. P!nk & Brandi Carlile),Dolly Parton
Islands In the Stream,Dolly Parton & Kenny Rogers
White Christmas,Bing Crosby
The Chipmunk Song (Christmas Don't Be Late),Alvin & The Chipmunks
Style (Taylor's Version),Taylor Swift
Stretchy Pants,Carrie Underwood
Can’t Catch Me Now (from The Hunger Games: The Ballad of Songbirds & Snakes),Olivia Rodrigo
Find Your People (Acoustic),Drew Holcomb & The Neighbors
Look What You Made Me Do,Taylor Swift
You Belong With Me (Taylor’s Version),Taylor Swift
Blank Space (Taylor's Version),Taylor Swift
Son Of A Sinner,Jelly Roll
Good Good,"USHER, Summer Walker & 21 Savage"
A Lot More Free,Max McNown
A Mad Russian's Christmas (Instrumental),Trans-Siberian Orchestra
exes,Tate McRae
Heart of Glass (feat. Debbie Harry),Dolly Parton
Evil Ways (feat. J. Cole),Drake
ONE MORE TIME,blink-182
Thank God I Do,Lauren Daigle
Snooze,SZA
I Remember Everything,Zach Bryan Featuring Kacey Musgraves
Greedy,Tate McRae
Thinkin' Bout Me,Morgan Wallen
Agora Hills,Doja Cat
Rich Baby Daddy,Drake Featuring Sexyy Red & SZA
All I Want For Christmas Is You,Mariah Carey
Fukumean,Gunna
Save Me,Jelly Roll With Lainey Wilson
Dance The Night,Dua Lipa
Vampire,Olivia Rodrigo
Monaco,Bad Bunny
First Person Shooter,Drake Featuring J. Cole
IDGAF,Drake Featuring Yeat
What Was I Made For?,Billie Eilish
Good Good,"Usher, Summer Walker & 21 Savage"
My Love Mine All Mine,Mitski
Stick Season,Noah Kahan
Last Christmas,Wham!
Now That We Don't Talk (Taylor's Version) [From The Vault],Taylor Swift
Dial Drunk,Noah Kahan With Post Malone
What It Is (Block Boy),Doechii Featuring Kodak Black
Kill Bill,SZA
Northern Attitude,Noah Kahan With Hozier
Jingle Bell Rock,Bobby Helms
Harley Quinn,Fuerza Regida & Marshmello
I Know ?,Travis Scott
Wild Ones,Jessie Murph & Jelly Roll
A Holly Jolly Christmas,Burl Ives
Barbie World,Nicki Minaj & Ice Spice With Aqua
Pretty Little Poison,Warren Zeiders
World On Fire,Nate Smith
On My Mama,Victoria Monet
Slut! (Taylor's Version) [From The Vault],Taylor Swift
Standing Next To You,Jung Kook
500lbs,Lil Tecca
Strangers,Kenya Grace
Say Don't Go (Taylor's Version) [From The Vault],Taylor Swift
Bad Idea Right?,Olivia Rodrigo
Great Gatsby,Rod Wave
Get Him Back!,Olivia Rodrigo
Can't Have Mine,Dylan Scott
Virginia Beach,Drake
Everything I Love,Morgan Wallen
Standing Room Only,Tim McGraw
Try That In A Small Town,Jason Aldean
Cobra,Megan Thee Stallion
Truck Bed,HARDY
Qlona,Karol G & Peso Pluma
Too Much,"The Kid LAROI, Jung Kook & Central Cee"
Perro Negro,Bad Bunny & Feid
Hey Driver,Zach Bryan Featuring The War And Treaty
Rich Men North Of Richmond,Oliver Anthony Music
Meltdown,Travis Scott Featuring Drake
Bongos,Cardi B & Megan Thee Stallion
Slime You Out,Drake Featuring SZA
Segun Quien,Maluma & Carin Leon
Que Onda,Calle 24 x Chino Pacas x Fuerza Regida
Single Soon,Selena Gomez
Burn It Down,Parker McCollum
LaLa,Myke Towers
Bad Blood (Taylor's Version),Taylor Swift
Can't Catch Me Now,Olivia Rodrigo
Turks & Caicos,Rod Wave Featuring 21 Savage
SkeeYee,Sexyy Red
Out Of The Woods (Taylor's Version),Taylor Swift
Wildest Dreams (Taylor's Version),Taylor Swift
El Amor de Su Vida,Grupo Frontera & Grupo Firme
Save Me The Trouble,Dan + Shay
Stars Like Confetti,Dustin Lynch
LALALALA,Stray Kids
Seven,Jung Kook Featuring Latto
Suburban Legends (Taylor's Version) [From The Vault],Taylor Swift
We Don't Fight Anymore,Carly Pearce Featuring Chris Stapleton
Smurk Carter,Lil Durk
Mi Ex Tenia Razon,Karol G
Different 'Round Here,Riley Green Featuring Luke Combs
But I Got A Beer In My Hand,Luke Bryan
Better Than Ever,YoungBoy Never Broke Again & Rod Wave
Soak City (Do It),310babii
